train_size,train_roc_auc,train_roc_auc_std,val_roc_auc,val_roc_auc_std
380,0.744000079686275,0.01041706235448103,0.6664408515997358,0.015342297534718578
868,0.7531910431680081,0.003114384992349644,0.6722894968387108,0.008067258892085784
1357,0.7405695722304352,0.014909147861522094,0.6813790017624957,0.010399876117860205
1845,0.7392245705653474,0.009417324311276676,0.6844862803736315,0.011171787853552608
2334,0.7458428276264634,0.008070429461918951,0.6877463499514266,0.012893391420237132
2822,0.7480014418998255,0.008128072672990623,0.691688162081296,0.013451617100008844
3311,0.7498635344404186,0.008115777000912422,0.6939468925674571,0.015281480197587806
3800,0.7471038409445144,0.008877737091619752,0.6946419606166364,0.01609995215979736
